_id,customer_id,name,address,phone_number
65863286a8abfc5d7c3e9564,0,Gerald Romero,"605 Morgan Forks
West Joelview, KS 63083",(694)246-2353
65863287a8abfc5d7c3e9565,1,Tami May,"5338 Norris Springs Suite 593
New Charlesbury, SC 25837",255.527.5875x522
65863287a8abfc5d7c3e9566,2,Daniel Martin,"75246 Nelson Motorway
Barajaschester, MD 32788",+1-778-984-5593
65863287a8abfc5d7c3e9567,3,Joshua Mitchell,"502 Tammie Forges Suite 188
Dunlapmouth, SD 68563",408.804.6994x399
65863287a8abfc5d7c3e9568,4,Edward Henderson,"Unit 9069 Box 4113
DPO AP 33163",001-622-990-2531x29099
65863287a8abfc5d7c3e9569,5,Brian Davenport,"5024 Hill View Apt. 563
Shawland, SC 38451",876.207.0329x4976
65863287a8abfc5d7c3e956a,6,Joshua Nunez,"66033 Thomas Club Suite 234
East Ashley, AK 47200",+1-450-444-2511x796
65863287a8abfc5d7c3e956b,7,Jennifer Knight,"574 Leblanc Lodge Suite 590
Cruzville, AL 03855",001-934-504-4232x325
65863287a8abfc5d7c3e956c,8,Samantha Rosales,"6854 Walter Route Suite 165
Humphreyborough, OR 13649",001-875-824-9615x14120
65863287a8abfc5d7c3e956d,9,Victoria Clark,"91694 Garrison Vista
Cannonborough, ND 81209",+1-564-871-1435x599
65863287a8abfc5d7c3e956e,10,Danielle Moore,"990 Santiago Station Apt. 938
Lake Tammy, AZ 14558",001-716-279-7109
65863287a8abfc5d7c3e956f,11,Mary Morrison,"9599 Brock Cliffs
Lake Cheryltown, NJ 99128",514.532.0573
65863287a8abfc5d7c3e9570,12,Kevin Jones,"85775 Brianna Shores
Leonardside, MN 53628",001-362-918-2437x35792
65863288a8abfc5d7c3e9571,13,Patrick Wright,"221 Rhonda Crossing
Brownborough, FL 08969",721-898-8081x269
65863288a8abfc5d7c3e9572,14,Alicia Hester,"765 Jones Keys Suite 935
Tylermouth, ND 32114",739-245-4223x03933
65863288a8abfc5d7c3e9573,15,Mitchell Mann,"1302 Mayer Trail
East Danielport, HI 72830",3344539705
65863288a8abfc5d7c3e9574,16,Kirsten Greene,"20438 Chen Lake Apt. 447
Jonathanburgh, MN 59374",001-928-557-3986
65863288a8abfc5d7c3e9575,17,Brett Morales,"6232 Montgomery Landing
Port Alanfurt, OH 64601",4225250236
65863288a8abfc5d7c3e9576,18,William Pierce,"4647 Nancy Islands
Eddiemouth, MD 05634",455.577.0475x01199
65863288a8abfc5d7c3e9577,19,Scott Ball,"571 Bullock Mews
West James, KS 95716",001-892-870-6990
65863288a8abfc5d7c3e9578,20,Erica Kelley,"68893 Scott Cape
Houstonton, PR 46649",+1-681-947-3007x893
65863288a8abfc5d7c3e9579,21,Amanda Martin,"387 Adams Circles
Shirleyport, GU 02033",(927)416-0283
65863288a8abfc5d7c3e957a,22,Stephanie Warner,"8595 Stewart Lodge
East Karen, NY 39018",7368037420
65863288a8abfc5d7c3e957b,23,Shannon Gray,"62764 Alexandra Underpass Apt. 682
Angelaberg, LA 34327",773-419-4120
65863288a8abfc5d7c3e957c,24,Dr. Erin Guerra DDS,"PSC 9294, Box 8147
APO AP 01543",493.371.3780
65863288a8abfc5d7c3e957d,25,Jonathan Norris,"3775 Hailey Mountain Apt. 681
North Christian, OK 70863",+1-203-787-6523x1229
65863288a8abfc5d7c3e957e,26,Lauren White,"9743 Meza Union Suite 497
Littlefurt, MI 23052",001-935-823-6299x4880
65863288a8abfc5d7c3e957f,27,Thomas Anderson,"13432 Justin Valleys Apt. 130
Lopezview, MD 59755",(720)268-9932x7861
65863288a8abfc5d7c3e9580,28,Lynn Stone DDS,"5325 Gonzalez Grove Suite 409
South Johnside, WI 58199",9356929308
65863288a8abfc5d7c3e9581,29,Tanya Romero,"891 Maria Rapids
Troychester, MN 18775",(951)755-1418x481
65863288a8abfc5d7c3e9582,30,Matthew Parks,"87685 Andrews Isle
Port Tyler, AR 77756",(950)200-5879
65863288a8abfc5d7c3e9583,31,Beth Lopez,"5685 Becky Vista
Lake Jasonside, KY 20330",958-791-9538x1550
65863288a8abfc5d7c3e9584,32,David Leon,"935 Justin Groves Suite 845
Fergusonmouth, AZ 71791",(628)330-4431x7107
65863288a8abfc5d7c3e9585,33,Shannon Mathis,"220 Cook Manor
East Yvetteberg, AL 05420",001-620-983-9374x612
65863288a8abfc5d7c3e9586,34,Michelle Yates,"15009 Ruiz Meadow Apt. 253
Aaronview, WA 29839",+1-590-779-1512
65863288a8abfc5d7c3e9587,35,Eric Harrington,"63167 Shannon Crossroad Suite 815
North Melissa, NE 85824",899.756.4412x378
65863288a8abfc5d7c3e9588,36,Kevin Whitaker,"345 Nancy Crescent Apt. 920
Wendyshire, AS 63028",572.713.2620
65863288a8abfc5d7c3e9589,37,Jennifer Gonzalez,"USNV Hill
FPO AA 95730",494.864.9623x941
65863288a8abfc5d7c3e958a,38,Andrew Wyatt,"40584 Susan Keys
Brandonfort, DC 09517",+1-760-542-9034x70561
65863288a8abfc5d7c3e958b,39,Danielle Gutierrez,"PSC 2804, Box 4190
APO AA 77119",(231)889-5793
65863289a8abfc5d7c3e958c,40,Todd Guerra,"95819 Cindy Valleys
Port Eric, DE 26422",+1-206-452-5245
65863289a8abfc5d7c3e958d,41,Theresa Duncan DVM,"39497 Brandon Hills Suite 944
Johnview, SC 38477",554-498-1171x1311
65863289a8abfc5d7c3e958e,42,Kevin Marshall,"369 Allen Track Apt. 529
South Ryan, CO 46213",(691)554-5171
65863289a8abfc5d7c3e958f,43,Janet Green,"751 Matthew Vista
West Stephenborough, TN 73878",340.542.5055x7601
65863289a8abfc5d7c3e9590,44,Brittany Jackson,"409 Julie Keys Suite 790
Davismouth, MA 68320",+1-244-224-5771x127
65863289a8abfc5d7c3e9591,45,Nathan Mclaughlin,"652 Christopher Greens Apt. 712
East Scottbury, AL 83020",6537141255
65863289a8abfc5d7c3e9592,46,Kyle Moore,"3355 Sullivan Mill Apt. 883
East Thomas, NM 58475",(720)679-6430x657
65863289a8abfc5d7c3e9593,47,Jaime Greene,"9211 Lauren Course Suite 310
Katherineburgh, CO 90934",276-513-0187
65863289a8abfc5d7c3e9594,48,Miguel Roberson,"Unit 0725 Box 0161
DPO AP 10832",392.516.1278
65863289a8abfc5d7c3e9595,49,Charles Cook,"14628 Carlson Freeway
Meganview, RI 72886",(850)219-6645x772
65863289a8abfc5d7c3e9596,50,Mary Lopez,"330 Victoria Wall Apt. 407
Robertshire, MT 28466",(567)288-2757x823
65863289a8abfc5d7c3e9597,51,Melissa Williams,"6248 Chavez Drive
Coxview, WV 42077",+1-514-904-0823x8458
65863289a8abfc5d7c3e9598,52,Cynthia Lee,"2582 Jessica Ville
Myerstown, ND 04121",(624)345-4919x3844
65863289a8abfc5d7c3e9599,53,Shawna Hickman,"007 Julie Union
Deannabury, SD 84987",+1-228-344-8812x51860
65863289a8abfc5d7c3e959a,54,Becky Miller,"472 Steven Station
West Chadport, NV 73990",(279)780-7324
65863289a8abfc5d7c3e959b,55,Bradley Brown,"PSC 5945, Box 1291
APO AP 09757",+1-243-665-6927x6210
65863289a8abfc5d7c3e959c,56,Nicholas Riddle,"4523 Jessica Run
East Darren, RI 56785",(629)419-1676x874
65863289a8abfc5d7c3e959d,57,Mark Waller,"354 Richardson Roads
Steelechester, SD 50452",653.423.9379
65863289a8abfc5d7c3e959e,58,Teresa Miller,"401 Ryan Wall
East Erikaburgh, OH 75388",9177301894
65863289a8abfc5d7c3e959f,59,Courtney Cantu,"PSC 0975, Box 1533
APO AP 97916",965.481.8993
65863289a8abfc5d7c3e95a0,60,Andrea Knight,"08462 Michelle Dale Apt. 155
Susanmouth, NJ 06570",395-847-6498x66820
65863289a8abfc5d7c3e95a1,61,Cody Douglas,"73926 Joseph Mountain
Stephenston, FM 32026",9283000324
65863289a8abfc5d7c3e95a2,62,Sandra Thomas,"83080 Davis Cliff Apt. 500
New Davidmouth, NC 28337",(342)565-9045
65863289a8abfc5d7c3e95a3,63,Howard Garcia,"USCGC Cox
FPO AA 01794",(634)491-6230x55313
65863289a8abfc5d7c3e95a4,64,Mathew Larson,"852 Bradley Way Suite 755
West Kennethfurt, OK 76787",001-717-291-1925
65863289a8abfc5d7c3e95a5,65,Melissa Gill,"33778 Williams Stravenue
West Philip, NC 35720",001-352-554-0479x22321
65863289a8abfc5d7c3e95a6,66,Paula Larson,"41623 Melissa Lights Suite 143
Ryanville, ND 01506",832-573-4208x18965
65863289a8abfc5d7c3e95a7,67,Steven Wise,"258 Jonathan Garden
West Shelia, WI 49144",396-838-5284x11803
6586328aa8abfc5d7c3e95a8,68,Lynn Campbell,"432 Keller Harbor
New Michelleberg, CT 87196",001-560-826-9349x2202
6586328aa8abfc5d7c3e95a9,69,Nicholas Moreno,"2938 Stephen Drive
West Thomas, MA 56686",001-260-355-0541x88370
6586328aa8abfc5d7c3e95aa,70,Laura Taylor,"71858 Peterson Forge
Lake Joeton, CA 99476",(873)565-4375x7526
6586328aa8abfc5d7c3e95ab,71,Crystal Conway,"6004 Eric Valleys
Jimmyland, FM 72040",8665549715
6586328aa8abfc5d7c3e95ac,72,Jon Michael,"760 Glenn Ports
Phillipsshire, AZ 85161",742.884.9256x5994
6586328aa8abfc5d7c3e95ad,73,Stacey Watkins,"529 Stewart Parkways
Brendashire, OR 45273",6873325143
6586328aa8abfc5d7c3e95ae,74,Crystal Curtis,"PSC 9888, Box 1200
APO AA 90640",+1-421-795-7494x98708
6586328aa8abfc5d7c3e95af,75,Lisa Fisher,"34545 Christopher Passage Suite 106
North Charlesmouth, FL 05811",909.956.1845x736
6586328aa8abfc5d7c3e95b0,76,Jeff Gibson,"0966 Blair Crossroad
Port Joshuashire, TX 72895",+1-718-597-4905x9347
6586328aa8abfc5d7c3e95b1,77,Eddie Scott,"2059 Jackson Circles Suite 729
Bryanborough, CT 47334",4587738055
6586328aa8abfc5d7c3e95b2,78,James Hull,"USNS Harris
FPO AE 68892",001-361-245-8327x5588
6586328aa8abfc5d7c3e95b3,79,Tracey Rivera MD,"38345 Christopher Estate
East Linda, UT 78866",808.941.7551x1005
6586328aa8abfc5d7c3e95b4,80,Sarah Holt,"606 Andrew Prairie
Snyderhaven, ND 33251",(769)613-0277x695
6586328aa8abfc5d7c3e95b5,81,Robert Russell,"13381 Scott Parkway Suite 528
Port Markport, ID 44953",504-603-1040
6586328aa8abfc5d7c3e95b6,82,Sharon Carson,"PSC 1306, Box 2075
APO AP 43376",(552)721-8892
6586328aa8abfc5d7c3e95b7,83,Joy Johnson,"6181 Arnold Tunnel
Nicholasview, ND 89508",001-507-968-9207x9696
6586328aa8abfc5d7c3e95b8,84,Jamie Reynolds,"69272 Clark Cliff
Duncanside, WY 67776",307.987.6135
6586328aa8abfc5d7c3e95b9,85,Betty King,"323 Edward Club Suite 990
Port Margaret, NY 27871",517-716-1548
6586328aa8abfc5d7c3e95ba,86,Adam Macias,"18553 Sarah Prairie Suite 760
South Laura, MO 26816",(627)544-1259x092
6586328aa8abfc5d7c3e95bb,87,Julian Rivera,"5643 Mullins Crossing Suite 369
Port Tinahaven, GU 14344",629.745.2670x588
6586328aa8abfc5d7c3e95bc,88,Bonnie Franklin,"1790 Brown Park
East David, DC 05588",+1-756-358-6888x0391
6586328aa8abfc5d7c3e95bd,89,Erica Watson,"6719 Martinez Island
South Angela, MN 29126",633.895.0566x21674
6586328aa8abfc5d7c3e95be,90,Tyler Thomas,"9751 Jay Street Apt. 939
Marshallside, WY 70395",(868)859-9231x3101
6586328aa8abfc5d7c3e95bf,91,John Lowe,"8919 Stewart Lane Apt. 809
West Andrea, MD 87967",+1-247-777-8709x6339
6586328aa8abfc5d7c3e95c0,92,Robin Cook,"160 Hannah Isle Suite 253
South Taylorberg, GA 66297",450.423.9048x707
6586328aa8abfc5d7c3e95c1,93,Mrs. Karla Knight MD,"587 Swanson Place Suite 046
West Joy, DC 44962",(586)865-7179x29775
6586328aa8abfc5d7c3e95c2,94,Charles Miller,"2627 Christopher Junction Suite 898
Lake Frederickborough, AK 42084",5146702596
6586328aa8abfc5d7c3e95c3,95,James Walsh,"PSC 2759, Box 5818
APO AE 90221",3638477673
6586328aa8abfc5d7c3e95c4,96,Ryan Smith,"6350 Nelson Stream Apt. 084
Millerfort, TN 55586",5238826834
6586328ba8abfc5d7c3e95c5,97,Emily Grimes,"62321 Jessica Garden
Christopherburgh, RI 95614",001-399-246-5016x2218
6586328ba8abfc5d7c3e95c6,98,Brent Davis,"8518 Joshua Loop Suite 129
Smithtown, AS 24502",6037497204
6586328ba8abfc5d7c3e95c7,99,Alisha Beltran,"991 Sarah View
Fernandezview, VT 56933",001-683-603-9587x279
658632f2e294d881c20941e5,0,Lauren Ray,"734 Sara Avenue Apt. 874
Lake Morgan, PR 91471",(936)565-8026
658632f3e294d881c20941e6,1,Diane Brown,"Unit 8029 Box 3930
DPO AA 69342",444.447.0634x7364
658632f3e294d881c20941e7,2,Joshua Fox,"USNS Williams
FPO AE 56984",8228901097
658632f3e294d881c20941e8,3,James Perry,"2284 Lauren Freeway
Monicabury, AL 76106",001-630-215-9929x486
658632f3e294d881c20941e9,4,Larry Mitchell,"178 Anderson Stream
Port Katherine, PA 82531",232-310-7267x2045
658632f3e294d881c20941ea,5,Desiree Velasquez,"17190 Mary Flats
Ericville, FL 97986",+1-325-859-5498x64017
658632f3e294d881c20941eb,6,Jennifer Holmes,"4469 Petersen Throughway
Martinborough, MI 98668",(576)445-6230
658632f3e294d881c20941ec,7,Zachary Green,"73911 Heidi Streets Suite 730
North Dominiquehaven, WV 70998",279.477.7667
658632f3e294d881c20941ed,8,Richard Landry,"97569 Cory Garden Suite 712
Evanborough, MT 62778",(815)573-7248
658632f3e294d881c20941ee,9,Samantha Sanchez,"03580 West Squares Suite 926
Harrischester, KS 09660",(603)270-3477x244
658632f3e294d881c20941ef,10,Brandi Villanueva,"455 Thompson Port
Russellton, NE 52156",(598)983-8960x6289
658632f3e294d881c20941f0,11,Nicole Williams,"9381 Jacob Brook
Port Alexanderbury, MP 45766",(495)585-9938x35708
658632f3e294d881c20941f1,12,Daniel Parker,"637 Edward Row Apt. 672
East Patrick, WV 77595",8209186459
658632f3e294d881c20941f2,13,Susan Anderson,"4738 Perez Springs
Tuckerhaven, AK 17333",340-976-1536
658632f3e294d881c20941f3,14,Vincent Fuller,"80346 Michael Stream
West Christine, VA 22951",(239)956-4683
658632f3e294d881c20941f4,15,Andrew Keller,"5825 Dustin Circles Suite 709
East Rebecca, MD 90165",(566)970-3648x836
658632f3e294d881c20941f5,16,Carol Tucker,"5756 Jennifer Green Suite 254
East Kristamouth, HI 05085",001-804-359-5590
658632f3e294d881c20941f6,17,Erin Klein,"731 Jennifer Route
North Fred, DE 48584",459-474-8949
658632f3e294d881c20941f7,18,Ruth Johnson,"535 Jordan Underpass Apt. 747
New Cassidyland, NE 68246",(892)912-8667
658632f3e294d881c20941f8,19,Hannah Clay,"400 Sarah Spring
Tarastad, TN 19440",863.303.5318x4552
658632f4e294d881c20941f9,20,Todd King,"0004 Robertson Keys Apt. 371
North Tammy, ID 42762",7202612423
658632f4e294d881c20941fa,21,Carrie Lee,"772 David Valley Apt. 830
Reginaton, DC 02146",838-428-5715
658632f4e294d881c20941fb,22,Justin Smith,"USS Thompson
FPO AA 94910",001-372-501-6261x782
658632f4e294d881c20941fc,23,Christina Miller,"95643 Fuller Mount
Westmouth, OH 25641",(635)502-0811x8439
658632f4e294d881c20941fd,24,Michelle Powell,"530 White Causeway Apt. 987
Christopherstad, HI 82827",001-904-528-6988x214
658632f4e294d881c20941fe,25,Laurie Jacobs,"55904 Joseph Rapid
Montgomeryborough, WV 79908",+1-341-218-7691x9673
658632f4e294d881c20941ff,26,Amanda Mccarthy,"42050 James Valleys
Lake Karenberg, NJ 57029",+1-337-266-2343
658632f4e294d881c2094200,27,Claudia Bryant,"65237 Tanner Trace
Carolyntown, MD 73401",2353841195
658632f4e294d881c2094201,28,Cindy Jordan,"7926 Gonzales Island
Michaelmouth, OK 10401",001-571-305-1842
658632f4e294d881c2094202,29,Steven Stewart,"97707 Grant Spurs
East Brianna, WA 27087",(337)777-3506
658632f4e294d881c2094203,30,David Simon,"45994 David Springs Suite 831
Heathtown, NV 02303",(455)931-0019x7588
658632f4e294d881c2094204,31,Timothy Ramos,"2193 Marshall View Apt. 641
Leachside, SD 90699",813.986.1714x94354
658632f4e294d881c2094205,32,Stanley Bass,"54139 Brian Road
West Jennifer, FM 27665",5312732675
658632f4e294d881c2094206,33,Lisa West,"PSC 1420, Box 6961
APO AE 81662",563.589.7890
658632f4e294d881c2094207,34,Lisa Smith,"66348 Scott Greens Apt. 528
Krystalland, FM 88084",311-785-9905
658632f4e294d881c2094208,35,Debra Wagner,"561 Ryan Prairie
North Marciafort, TN 81460",784.238.5919
658632f4e294d881c2094209,36,Charles Burns,"47186 Andrew Mountains
New Beverly, NC 44708",+1-787-671-0213x108
658632f4e294d881c209420a,37,Tiffany Johnson,"26414 Steven Estates Suite 075
Stevensonland, TX 60851",389.376.3192
658632f4e294d881c209420b,38,Dustin Smith,"022 Williams Route Suite 831
Martinezfort, NH 30127",(415)500-0403x54456
658632f4e294d881c209420c,39,Alison Hammond,"424 David Flat
North Ellenton, OR 07512",365.662.6743x71472
658632f4e294d881c209420d,40,Mr. Eric Watson,"8277 Gonzalez Valley
Montgomeryton, PA 01314",699.760.7965
658632f4e294d881c209420e,41,Christopher Castro,"9676 Davis Divide Suite 615
Port Christophertown, MP 82974",658.665.2825
658632f4e294d881c209420f,42,Bethany Collins,"8878 Charles Falls Apt. 338
East Erin, MT 13331",+1-562-289-5847x27468
658632f4e294d881c2094210,43,Robert Shah,"866 Aaron Circle
East Tricia, MT 41440",817-284-6274x3345
658632f4e294d881c2094211,44,Michael Jensen,"Unit 8755 Box 3891
DPO AE 09059",(834)854-6229x4120
658632f4e294d881c2094212,45,Christopher Cole,"Unit 4428 Box 6855
DPO AE 11796",850.951.0888
658632f4e294d881c2094213,46,Alexandra Ramirez,"1130 Brown Cliffs Apt. 838
East Timothyport, NM 77197",5796454424
658632f4e294d881c2094214,47,Amy Patel,"934 White Square
Chambersville, IA 11656",(303)415-8679x761
658632f4e294d881c2094215,48,Justin Zimmerman,"PSC 4252, Box 3164
APO AA 43851",001-774-386-4870
658632f5e294d881c2094216,49,Dale Greene,"808 Gregory Inlet
Tonyville, IL 44244",+1-576-838-0982
658632f5e294d881c2094217,50,Lisa Evans,"840 Davis Freeway
Mcdanielburgh, ID 64908",757.850.3853x83150
658632f5e294d881c2094218,51,Jeffrey James,"398 David Fort
Port Charlesside, NV 06851",001-588-976-1866x508
658632f5e294d881c2094219,52,Laura James MD,"2314 Rojas Bridge
West Rachel, IL 48759",+1-250-649-0827
658632f5e294d881c209421a,53,Nathan Buchanan,"USNV Mckee
FPO AE 89908",2767955839
658632f5e294d881c209421b,54,Tina Mccoy,"04149 Mann Way
Davismouth, MP 10921",+1-512-314-9071
658632f5e294d881c209421c,55,Samuel Adams,"0531 Turner Roads Suite 621
Benjaminbury, AL 21241",967.837.3137
658632f5e294d881c209421d,56,Shari Hart,"0009 Roberts Dale
East Donald, WY 31540",283.554.2124
658632f5e294d881c209421e,57,Anthony Sherman,"046 Taylor Lock Suite 711
Justinchester, IL 55992",+1-719-353-5127
658632f5e294d881c209421f,58,Patricia Rodriguez,"PSC 7848, Box 2129
APO AE 73669",507.430.8753x94975
658632f5e294d881c2094220,59,Kevin Young,"111 Mcdonald Lock
Andersonshire, KY 71744",(394)281-3992
658632f5e294d881c2094221,60,Gina West,"5940 May Mount
Russellbury, TX 49831",256.377.9330x59116
658632f5e294d881c2094222,61,John Conrad,"60012 Carroll Trafficway Apt. 655
Donaldsonville, KS 07986",001-836-817-8584x597
658632f5e294d881c2094223,62,Daniel Mitchell,"775 Blankenship Heights Suite 820
Sanchezbury, IL 89532",408-752-6222x97323
658632f5e294d881c2094224,63,Megan Richardson,"53123 Zachary Cliff Apt. 894
Richardsborough, IA 01855",972.788.4150x77791
658632f5e294d881c2094225,64,Thomas Harding,"42155 Sanders Plain Suite 364
Lake Pamelaview, VA 01435",+1-446-409-5319x012
658632f5e294d881c2094226,65,Teresa Yates,"0902 George View Apt. 157
Hernandeztown, PR 90080",+1-656-894-8554x3644
658632f5e294d881c2094227,66,Brandy Williams,"658 Keith Prairie Suite 786
Gomezshire, FM 45806",001-852-785-4224x316
658632f5e294d881c2094228,67,Colleen Garcia,"8972 Faith Forks Apt. 331
North Rosemouth, NH 71119",6608638277
658632f5e294d881c2094229,68,Kevin Carrillo,"098 Erin River Suite 537
Robertsmouth, NV 07257",261-759-6614x935
658632f5e294d881c209422a,69,Nicholas Sharp,"091 Jessica Springs
Johnsonburgh, NY 16287",+1-901-955-0685x36394
658632f5e294d881c209422b,70,Dr. Jeremy Hall,"4328 Jesse Forks
Teresatown, MA 44020",956.247.0412
658632f5e294d881c209422c,71,Todd Guzman,"005 Cox Dale Apt. 739
Larsonview, NV 04912",001-443-810-2749x110
658632f5e294d881c209422d,72,Nicole White,"78792 Campbell Plaza Suite 777
West Mario, HI 16775",+1-691-512-8149x6593
658632f5e294d881c209422e,73,Nicholas Lara,"Unit 3851 Box 2939
DPO AP 44750",(452)350-2225
658632f5e294d881c209422f,74,Jennifer Watkins,"0052 Adrian Island Suite 587
Katiemouth, GU 99320",+1-394-429-0018
658632f5e294d881c2094230,75,Anthony Thompson MD,"97297 Daniel Club
North Kimberly, MS 49100",001-732-255-0556x4865
658632f5e294d881c2094231,76,Yolanda Butler,"USCGC Henderson
FPO AE 42192",+1-762-206-0538x12966
658632f6e294d881c2094232,77,Sean Torres,"9369 Melanie Way
Lake Justin, NJ 75077",4898716149
658632f6e294d881c2094233,78,Anthony Price,"PSC 4370, Box 2416
APO AP 46805",821.472.3518
658632f6e294d881c2094234,79,Brian House,"49095 Kelli Mission
Port Davidport, NH 81776",+1-769-333-5603x60020
658632f6e294d881c2094235,80,Donald Palmer,"28982 William Gateway
Michaelmouth, AL 68280",524.499.3494x23588
658632f6e294d881c2094236,81,Darren James,"35455 Bauer Cliffs
North Veronicaborough, PR 50166",(381)942-7874
658632f6e294d881c2094237,82,Jonathan Ortiz,"68712 Bradley Hollow Apt. 672
Port Waynehaven, MS 56915",+1-662-816-1225x010
658632f6e294d881c2094238,83,Ronald Taylor,"306 Rhonda Viaduct
West Raymond, AS 82106",478.779.0955x268
658632f6e294d881c2094239,84,Kellie Marshall,"730 Brown Mountain Suite 548
Payneberg, AL 44205",+1-356-678-9312x807
658632f6e294d881c209423a,85,Paul Johnston,"18889 Garner Manor
Christophermouth, MP 50272",(262)569-2402x87914
658632f6e294d881c209423b,86,Mark Thomas,"152 Karina Plaza Apt. 900
Port Steven, PR 51606",(540)917-5164x143
658632f6e294d881c209423c,87,Andrew Werner,"9692 Jennifer Trail Suite 798
Richardmouth, AK 35262",(773)736-9609
658632f6e294d881c209423d,88,Roger Curtis,"663 Nolan Run
New Jamesmouth, HI 56358",001-304-959-7147x5218
658632f6e294d881c209423e,89,Alicia Anderson,"884 Griffin Inlet
Shanemouth, OR 64877",001-640-894-7630x144
658632f6e294d881c209423f,90,Samantha Galvan,"987 Katie Fork Apt. 350
Chantown, DC 27049",+1-343-977-1504x6111
658632f6e294d881c2094240,91,Peter Brady,"11739 Howell Village Suite 508
New Sarah, VT 79994",+1-969-273-3443x6793
658632f6e294d881c2094241,92,Edward Noble,"95336 Barber Union Suite 358
West Cynthialand, IL 93552",538.526.5481x665
658632f6e294d881c2094242,93,Richard Gilbert,"4652 Sheila Ford Apt. 036
Mariemouth, NE 96055",792.506.5784x372
658632f6e294d881c2094243,94,Troy Miller,"6834 Lopez Brooks Suite 583
New Davidberg, VA 10794",001-456-454-6580
658632f6e294d881c2094244,95,Mr. Robert Friedman,"Unit 9982 Box 4493
DPO AE 49759",+1-213-377-0221x624
658632f6e294d881c2094245,96,Zachary Olsen,"4582 Lauren Avenue Suite 477
New Carlos, KY 81015",495-993-2918
658632f6e294d881c2094246,97,Charles Davis,"Unit 7576 Box 0698
DPO AA 84445",+1-935-307-0172x56464
658632f6e294d881c2094247,98,Sean Allen,"50468 Deleon Freeway Suite 603
Rogersview, AZ 72772",886-521-7113x957
658632f6e294d881c2094248,99,Sharon Cook,"11505 Mcbride Cove Suite 806
Kathrynview, OR 64627",+1-740-651-3340x5239
6586334a7a8e43f89224fdfd,0,Jack Perry,"93676 James Lodge Apt. 659
North Juanstad, NE 89089",001-704-281-6698
6586334b7a8e43f89224fdfe,1,Patricia Gentry,"49606 Ian View Apt. 988
Trujilloview, FL 86592",+1-312-510-5909x86739
6586334b7a8e43f89224fdff,2,Benjamin Fernandez,"017 Paul Trail Apt. 795
Port Thomaston, TX 29975",(845)239-6338
6586334b7a8e43f89224fe00,3,Cory Smith,"8811 Ward Islands Apt. 546
South Amy, AR 89166",+1-498-462-0845x15415
6586334b7a8e43f89224fe01,4,Travis Robles,"Unit 9519 Box 6916
DPO AA 79575",(483)420-1342
6586334b7a8e43f89224fe02,5,Kyle Morris,"500 Hansen Fork
Lydiahaven, IL 24770",345.950.9802x5514
6586334b7a8e43f89224fe03,6,Dawn Frey,"64765 Sanchez Loaf
Lake James, NM 13264",720.788.2888x811
6586334b7a8e43f89224fe04,7,David Bentley,"14879 Maldonado Vista Apt. 848
New Michelle, IN 83594",001-296-537-6635
6586334b7a8e43f89224fe05,8,Jacob Obrien,"09637 Megan Bridge Suite 521
Fuentesview, MP 11652",001-353-221-6659x781
6586334b7a8e43f89224fe06,9,Diana Robertson,"874 Jennifer Pine Apt. 936
Colleenland, SC 06875",206-488-9221x36223
6586334b7a8e43f89224fe07,10,Emily Wade,"USNS Simon
FPO AA 23874",(465)680-6779
6586334b7a8e43f89224fe08,11,Ashley Parsons,"USNS Hayes
FPO AE 21678",001-274-643-5870x9070
6586334b7a8e43f89224fe09,12,Amber Bridges,"846 Justin Junctions
New Christopherhaven, GU 56480",(295)358-8935x85604
6586334b7a8e43f89224fe0a,13,Sean Harrison,"73169 Gibson Freeway
Alexisshire, MD 49654",(567)341-1989x833
6586334b7a8e43f89224fe0b,14,Wesley Martin,"USCGC Fernandez
FPO AE 89709",001-876-884-5594x7434
6586334b7a8e43f89224fe0c,15,Julie Morales,"853 Johnson Row
Jonesshire, WY 63279",4858675415
6586334b7a8e43f89224fe0d,16,Tamara Walker,"540 Gutierrez Forges Suite 731
Johnburgh, NM 49849",4676295356
6586334b7a8e43f89224fe0e,17,Robert Fox,"615 Mary Fork Apt. 966
Belltown, MD 44170",835.204.0004
6586334b7a8e43f89224fe0f,18,Jeremy Solis,"Unit 8743 Box 6781
DPO AE 41184",540-945-3223x27671
6586334c7a8e43f89224fe10,19,Patrick Flores,"034 Whitney Crest Suite 435
North Andrewport, NV 90300",688.719.6020x5622
6586334c7a8e43f89224fe11,20,Donna Gray,"26675 Valerie Square
New Tina, MP 26052",+1-395-830-6447
6586334c7a8e43f89224fe12,21,Christine Howard,"068 Michael Common
Allenborough, MP 61823",001-283-588-8692x09808
6586334c7a8e43f89224fe13,22,Mrs. Cynthia Brown,"9261 Jeffrey Track
Robertbury, MO 33378",740.905.7940x77926
6586334c7a8e43f89224fe14,23,David Benjamin,"638 Barry Islands
Robertfort, LA 64559",+1-643-633-7408
6586334c7a8e43f89224fe15,24,Dawn Rios,"50257 Smith Cape Suite 066
Smithstad, ID 68681",216.207.2780
6586334c7a8e43f89224fe16,25,John Spencer,"8450 Flores Spur
Brockburgh, AR 48325",(526)629-8341
6586334c7a8e43f89224fe17,26,Rhonda Lewis,"PSC 9717, Box 8246
APO AP 74960",(419)745-1648
6586334c7a8e43f89224fe18,27,Bridget Perez,"890 James Spur Suite 372
East Terranceburgh, NM 25610",268-772-0429x1293
6586334c7a8e43f89224fe19,28,Austin Ross,"585 Keith Cove Suite 196
South Amyside, SC 64232",(611)740-8838x8251
6586334c7a8e43f89224fe1a,29,Mary Jarvis,"35648 Davis Shoal
Lake Victoriafort, NE 51992",517.474.9816
6586334c7a8e43f89224fe1b,30,Douglas Wiley,"USNS Lopez
FPO AP 62250",001-350-437-6741x2521
6586334c7a8e43f89224fe1c,31,James Chapman,"0009 Stephen Springs Apt. 005
Port Alison, TX 53558",001-499-565-6642
6586334c7a8e43f89224fe1d,32,Bill Lee,"45039 Don Cliff Apt. 388
Jamiechester, CO 65613",253.293.3433
6586334c7a8e43f89224fe1e,33,Kathryn Stevens,"27071 Mary Green
Harrisland, MO 66111",385-844-9750x416
6586334c7a8e43f89224fe1f,34,Zachary Phillips,"9839 Martin Road
Millerfort, AS 62731",(216)363-9878
6586334c7a8e43f89224fe20,35,Timothy Black,"138 Robin Brooks Apt. 822
Richardsside, HI 17585",(813)743-7952
6586334c7a8e43f89224fe21,36,Linda Lewis,"128 Ross Plains Apt. 528
Lake Lee, PR 19701",367-767-6643x753
6586334c7a8e43f89224fe22,37,Andrew Mccormick,"51238 Gomez Stream Apt. 026
Zacharystad, LA 96593",725-811-2883
6586334c7a8e43f89224fe23,38,Christopher Wilkinson,"9953 Martinez Vista Apt. 999
West Danafort, PW 87653",+1-991-239-1597x490
6586334c7a8e43f89224fe24,39,Scott Mitchell,"9812 Matthew Track Apt. 759
Port Jerryside, SC 68985",001-488-660-6091x312
6586334c7a8e43f89224fe25,40,Donna Valdez,"0335 Gomez Squares Apt. 542
Crawfordberg, TX 60986",222.553.7598x45127
6586334c7a8e43f89224fe26,41,Jose Roman,"0756 Matthew Lock
Lake Clinton, ID 45492",(327)737-0742x1169
6586334c7a8e43f89224fe27,42,Tammy Singh,"413 Rhonda Centers Apt. 160
West Michaelland, KS 66238",8665130174
6586334c7a8e43f89224fe28,43,Angela Rogers,"5687 Parker Forks Apt. 452
Chloestad, MH 38031",(682)941-3413x032
6586334c7a8e43f89224fe29,44,Douglas Edwards,"23027 Pacheco Ville
Dawsonburgh, LA 02643",(220)309-8579x5672
6586334c7a8e43f89224fe2a,45,Patrick Harris,"079 Kathryn Shoals Apt. 639
Clarkborough, AL 63880",2596074383
6586334c7a8e43f89224fe2b,46,Anthony Clark,"8308 Weber Walks
Port Jamiefort, KS 17761",817.868.7048
6586334c7a8e43f89224fe2c,47,Mark Simpson,"3361 Larry Prairie
Lydiaton, NM 30013",890-904-7369x4840
6586334d7a8e43f89224fe2d,48,Andrew Booth,"Unit 0110 Box 6566
DPO AA 84011",+1-258-269-3951x25725
6586334d7a8e43f89224fe2e,49,Jose Thomas,"57815 Turner Curve
Nicoleville, AL 47159",001-951-896-8586x78253
6586334d7a8e43f89224fe2f,50,Samantha Alvarez,"188 Watts Flat Suite 600
South Sarah, PR 54412",448-689-3166x84081
6586334d7a8e43f89224fe30,51,Mary Cruz,"PSC 2420, Box 0128
APO AE 19871",(593)918-4434
6586334d7a8e43f89224fe31,52,Amy Hunter,"700 Christopher Curve Apt. 577
Lake Joseph, VA 99337",848.541.3918x1096
6586334d7a8e43f89224fe32,53,Brooke Cline,"457 Christine Canyon Suite 573
West Anthonychester, MS 06525",001-239-232-3710x4268
6586334d7a8e43f89224fe33,54,Jennifer Tanner,"50567 Meyer Harbor
New Chelsea, MP 18480",989.649.6255x495
6586334d7a8e43f89224fe34,55,Daniel Rodriguez,"3800 Harrison Ridge
Kevintown, CT 31208",886.480.7236x655
6586334d7a8e43f89224fe35,56,Dean Campbell,"967 William Wells
Lake Christine, DC 85954",(203)883-5805
6586334d7a8e43f89224fe36,57,Linda Martin MD,"593 Decker Unions Apt. 908
Lake Gabriellaburgh, AZ 81699",7652135737
6586334d7a8e43f89224fe37,58,Rodney Michael,"8390 Michael Skyway Apt. 950
North David, VI 10694",668.959.0023x2878
6586334d7a8e43f89224fe38,59,Lisa Barrett,"USNS Cordova
FPO AE 90482",001-737-958-1614x677
6586334d7a8e43f89224fe39,60,Charles Harper,"USNS Ball
FPO AE 05633",916.683.7537x575
6586334d7a8e43f89224fe3a,61,Cory Nichols,"09489 White Avenue Apt. 990
Staceyport, OR 39512",594.573.9646x44486
6586334d7a8e43f89224fe3b,62,Dominic Hall,"932 Max Throughway
Lake Eric, OR 33816",761-246-0647
6586334d7a8e43f89224fe3c,63,Angel Schmidt,"0051 Peterson Burgs Suite 391
Port Arthurborough, AZ 95204",731.957.5017x7491
6586334d7a8e43f89224fe3d,64,Erika Medina,"04651 Charles Curve
Roachtown, NY 20786",001-459-958-0134x603
6586334d7a8e43f89224fe3e,65,Andrew Robinson,"10279 Benton Vista
Port Lisa, GA 22193",(694)665-0221x970
6586334d7a8e43f89224fe3f,66,Hailey Sharp,"Unit 7276 Box 5968
DPO AE 47653",499.325.1034
6586334d7a8e43f89224fe40,67,Michael Brown,"51220 Riley Turnpike Suite 390
East Michael, IN 41780",+1-562-755-9279
6586334d7a8e43f89224fe41,68,Kathryn Johnson,"12511 Anne Neck Apt. 286
Dukeville, WV 52404",001-873-984-4514x963
6586334d7a8e43f89224fe42,69,Jay Chavez,"86626 Barnes Burgs
Zimmermanport, WY 36526",001-405-986-8058
6586334d7a8e43f89224fe43,70,Brian Shaw,"60838 Burton Roads
Tiffanyburgh, MS 26331",+1-900-821-5094
6586334d7a8e43f89224fe44,71,Nicholas Smith,"004 Ryan Forges
Teresaburgh, IN 26988",564.865.5492x0643
6586334d7a8e43f89224fe45,72,Maria Young,"688 Vasquez Place Suite 562
Doughertybury, FL 77181",(935)867-4786x113
6586334d7a8e43f89224fe46,73,Richard Thompson,"3076 Williams Light Suite 490
Lindsayside, DE 63341",512-595-4861x18437
6586334d7a8e43f89224fe47,74,Sarah Navarro,"58831 Amy River Apt. 795
Christyfurt, MS 37997",001-335-717-0941
6586334e7a8e43f89224fe48,75,Cody Williams,"123 Keith Track Apt. 708
New Angela, MP 06763",688.642.5548x9158
6586334e7a8e43f89224fe49,76,Erin Webb,"9796 John Isle Suite 604
South Tylerfort, IN 21036",6509098660
6586334e7a8e43f89224fe4a,77,Gregory Simmons,"614 Rush Way Suite 088
Williamsbury, FM 04464",+1-666-454-1546
6586334e7a8e43f89224fe4b,78,Matthew Fields,"27458 Joseph Mills Apt. 302
East Timothyview, HI 19029",8343857450
6586334e7a8e43f89224fe4c,79,Krista Patel,"4489 Robinson Groves Suite 281
Haleymouth, OR 24437",239.815.5585
6586334e7a8e43f89224fe4d,80,Amanda Owen,"703 David Glen
Mitchelltown, WA 03369",001-759-579-3810x8407
6586334e7a8e43f89224fe4e,81,Stephen Young,"7519 Cooper Light Suite 506
Stephenport, MN 30489",624-539-5334
6586334e7a8e43f89224fe4f,82,James Juarez,"9938 Stark Centers
Robertshire, CA 25173",535-650-3046
6586334e7a8e43f89224fe50,83,Christopher Walker,"PSC 5521, Box 1931
APO AA 02617",(537)782-1202x478
6586334e7a8e43f89224fe51,84,Yolanda Mccormick,"47575 Johnson Village Apt. 839
Smithhaven, FM 24976",001-262-462-8220x29595
6586334e7a8e43f89224fe52,85,Laurie Rasmussen,"46798 Monroe Corners
Parkerland, AZ 73526",001-630-513-2659x1547
6586334e7a8e43f89224fe53,86,Tonya Harmon,"5615 Martinez Club
New Loretta, KS 05981",001-836-875-7027x766
6586334e7a8e43f89224fe54,87,Jennifer Stokes,"8741 Christine Dale Apt. 506
Kathleenstad, VA 15162",7513867509
6586334e7a8e43f89224fe55,88,Andrew Lang,"3793 Eric Wall
North Kenneth, GA 80438",(708)829-8099x17506
6586334e7a8e43f89224fe56,89,Rachel Brown,"6422 Walker Estate Apt. 413
Lake Angela, SD 37299",(779)388-6346x378
6586334e7a8e43f89224fe57,90,Tracy Church,"0819 Lisa Court Apt. 682
East Joshuaside, AR 73713",(921)329-1794
6586334e7a8e43f89224fe58,91,John Simmons,"8621 Thomas Drive Suite 967
Lake Shariside, IN 11610",+1-507-909-7741x077
6586334e7a8e43f89224fe59,92,Steven Smith,"62236 Michael Drives Apt. 491
Webstertown, MO 65645",546.586.6776x7575
6586334e7a8e43f89224fe5a,93,Stephanie Simon,"PSC 6383, Box 0184
APO AE 62076",323-284-9439x577
6586334e7a8e43f89224fe5b,94,Michelle Wilson,"720 John Canyon Suite 874
West Pamela, WV 37177",718-256-0863
6586334e7a8e43f89224fe5c,95,Miss Ebony Schneider,"USNV Pope
FPO AA 03240",204.502.9216
6586334e7a8e43f89224fe5d,96,Robert Delgado,"Unit 7008 Box 0346
DPO AA 61094",557.231.5170
6586334e7a8e43f89224fe5e,97,Veronica Beck,"5268 Le Hill
Williamsport, DE 02825",900-249-5812x836
6586334e7a8e43f89224fe5f,98,Michelle Reese,"9318 Jeffrey Points
South Christopher, FM 13045",001-762-320-4913
6586334e7a8e43f89224fe60,99,Alison Johnson,"3261 Danny Valleys Apt. 959
Robersonfurt, OK 86094",+1-911-268-9801x77877
658633cbf735528584218a27,0,Thomas Johnson,"204 Sarah Shoal
Lake Johnland, MT 15004",+1-326-869-4780x405
658633ccf735528584218a28,1,Gregory Rowland,"72361 Joe Turnpike
Hollandport, NH 50930",882-647-7008
658633ccf735528584218a29,2,Cynthia Brandt,"PSC 8628, Box 9081
APO AA 17634",318.827.1229x67903
658633ccf735528584218a2a,3,Henry Collins,"287 Jones Overpass
Nicoleton, SC 54871",420-645-7614
658633ccf735528584218a2b,4,Mark Burch,"846 Sanders Forest Apt. 692
West Nicholas, MI 71305",(730)411-6645
658633ccf735528584218a2c,5,Donald Vaughn,"673 Rodriguez Shore Apt. 300
Michaelborough, PR 18068",001-481-763-3275x8084
658633ccf735528584218a2d,6,William Allen,"94011 Anderson Trail Suite 896
Jeffreystad, NY 80335",595-492-4786x3285
658633ccf735528584218a2e,7,Jennifer Anderson,"798 Stanley Center
Emilyland, MN 79936",635-435-7422
658633ccf735528584218a2f,8,Tyler Rodriguez,"0380 Kristina Street
East Sherrychester, TX 87652",(594)893-8666
658633ccf735528584218a30,9,Erin Snow,"83372 David Hills
Dixonmouth, AL 74888",589.284.6749
658633ccf735528584218a31,10,Patricia Patel,"7009 Huber Lodge
Lucerofurt, AZ 14120",(515)453-4127x96076
658633ccf735528584218a32,11,Selena Leach,"37443 Sharp Station Suite 458
Sarahton, FL 42401",261.428.9572x40756
658633ccf735528584218a33,12,Daniel Meyers,"Unit 7313 Box 0639
DPO AE 59728",6936294514
658633ccf735528584218a34,13,Tommy Davis,"81780 Hamilton Lakes Suite 077
West Christopherport, RI 18678",(299)698-1320
658633ccf735528584218a35,14,Mrs. Diane Franco,"8496 Lucas Via
Atkinsontown, GA 84965",+1-730-907-9563x3657
658633ccf735528584218a36,15,Kathy Douglas,"861 Oliver Corner
New Christian, AS 19601",590.294.9550x966
658633ccf735528584218a37,16,Tammy Singh,"69512 Fisher Mountains Apt. 623
Coreyburgh, MP 26240",546-366-8145
658633cdf735528584218a38,17,Kevin Wyatt,"5253 Katherine Stravenue Suite 740
North Jennifer, MH 56966",265-755-6169x02532
658633cdf735528584218a39,18,Louis Anderson,"566 White Village
Chadside, DE 88787",+1-475-238-2213
658633cdf735528584218a3a,19,Jennifer Hudson,"10134 Kristin Orchard Apt. 582
Fowlerborough, NE 76322",(604)560-2081
658633cdf735528584218a3b,20,Tracey Miller,"9024 Peter Pike
East Cassandrafort, NV 41924",(808)256-1257
658633cdf735528584218a3c,21,Bruce Franklin,"0718 Wilkins Forge Apt. 806
South Tammy, SD 63276",001-214-430-6339x772
658633cdf735528584218a3d,22,Danielle Spencer,"08954 Rollins Branch Apt. 226
Kimberlyburgh, NE 91196",+1-556-754-8188
658633cdf735528584218a3e,23,Matthew Sawyer,"883 Watson Shores Apt. 239
Shellyhaven, CA 32850",+1-799-698-1524x293
658633cdf735528584218a3f,24,Veronica Webb,"002 Jackson Heights Suite 901
Archerville, NM 09974",273.595.2331x474
658633cdf735528584218a40,25,Jennifer Washington,"2998 Billy Square Apt. 748
New Ronaldtown, OR 88507",841-368-1999
658633cdf735528584218a41,26,James Pham,"42223 Amy Ways
North Karen, AR 96763",+1-971-558-8652
658633cdf735528584218a42,27,Mark Moore,"Unit 7513 Box 2593
DPO AA 14601",+1-219-421-8915x155
658633cdf735528584218a43,28,Ryan Perez,"34711 Wilson Springs Suite 263
East Sydneyburgh, ID 09539",336-512-0144x215
658633cdf735528584218a44,29,Reginald Ward,"7248 Denise Estate Apt. 630
Danielland, ME 80464",755.593.8237
658633cdf735528584218a45,30,Christine Murphy,"3553 Michael Mission Apt. 443
North Paul, NV 08814",786.929.0155
658633cdf735528584218a46,31,Eric Hall,"87212 Alexander Islands Apt. 417
Greeneview, NJ 97948",001-262-854-8201x419
658633cdf735528584218a47,32,Jennifer Mcclure,"8199 Lauren Pines Suite 626
West Reginaville, SC 20924",+1-267-359-0273
658633cdf735528584218a48,33,Kim Hess,"391 Adriana Ramp
Ramseyhaven, VT 58461",7598350159
658633cdf735528584218a49,34,Stephen Baker,"7051 Gaines Overpass
Matthewside, NM 49561",+1-756-757-4259x51339
658633cdf735528584218a4a,35,Carolyn Mccoy DDS,"03429 Jessica Neck Suite 566
Warrenberg, IL 85016",775-988-4320
658633cdf735528584218a4b,36,Phillip Mack,"9703 Andre Brook Suite 092
New Dianeborough, ND 82813",441.839.0694x62315
658633cdf735528584218a4c,37,Alexander Black,"673 Jacob Lodge Suite 096
Lake James, MH 99304",859.847.4691
658633cdf735528584218a4d,38,Jessica James,"1358 Nielsen Key
Dustinstad, VT 37297",725-463-4844x828
658633cdf735528584218a4e,39,Katherine Barnes,"32961 Park Crossroad Apt. 549
South Danielleland, TN 43090",(909)241-2816x7125
658633cdf735528584218a4f,40,Joseph Palmer,"4359 Hunter Lights
Nicholsport, LA 21392",806.286.0964
658633cdf735528584218a50,41,Andrew Terry,"318 Lindsay Pine
Bowmanmouth, FL 10417",2339600033
658633cdf735528584218a51,42,Meagan Cooper,"4816 Hall Alley
Port Jamesburgh, VI 37661",402.236.2596x38509
658633cdf735528584218a52,43,Justin Ingram,"110 Gabrielle Isle Apt. 564
New Petermouth, MT 58677",001-223-459-7037
658633cdf735528584218a53,44,Erica Scott,"Unit 2782 Box 0300
DPO AE 64047",361.309.0943
658633cef735528584218a54,45,Tiffany Smith MD,"6735 Gonzalez Forge
North Barbara, NE 33783",(455)594-1842x135
658633cef735528584218a55,46,Miss Kara Hunt,"91358 Cynthia Knoll Apt. 237
New Christinaland, MA 62016",602-710-8883
658633cef735528584218a56,47,Jack Day,"82019 Miles Summit Suite 403
Sharonside, FL 05907",(309)946-3731
658633cef735528584218a57,48,Matthew Daugherty,"3516 Carrie Freeway Suite 872
Brendaton, TN 59487",(562)544-1586x14120
658633cef735528584218a58,49,Margaret Olson,"031 Jesse Springs Suite 622
Ambershire, NH 73866",+1-418-829-4284x49078
658633cef735528584218a59,50,Diana Gould,"71685 King Canyon Apt. 788
Bullockfort, MN 93989",506-906-5670
658633cef735528584218a5a,51,Elizabeth Tapia,"00726 George Path
Bettyberg, WA 67022",(476)505-8098
658633cef735528584218a5b,52,Stephanie Rice,"28006 Joseph Loaf Suite 736
North Tina, MT 54795",258-450-6068x6063
658633cef735528584218a5c,53,Edward Torres,"360 Christian Shoals
Jordanfurt, NY 22875",(432)551-5177x01974
658633cef735528584218a5d,54,Patty Snow,"USNV Howe
FPO AA 32509",(698)419-4420
658633cef735528584218a5e,55,Amy Garza,"6538 Craig Hill Suite 358
East Randyview, MN 52021",001-813-244-2614
658633cef735528584218a5f,56,James Crawford,"86902 Jeff Viaduct
Sampsonside, WV 24659",(951)272-1267x0660
658633cef735528584218a60,57,Tiffany Cruz,"15685 Nelson Wells
Hopkinsside, MP 46260",727.330.0032
658633cef735528584218a61,58,Dawn Walton,"PSC 5552, Box 5885
APO AE 90940",642.236.0128
658633cef735528584218a62,59,Mary Morales,"126 George Freeway
Michaelborough, SC 99074",277.631.9875
658633cef735528584218a63,60,Victoria Bartlett,"0473 Simmons Fork
West Stephenfurt, OH 24675",404.713.7024x43829
658633cef735528584218a64,61,Michael Mayo,"5122 Lucas Plains
Camerontown, OK 34718",+1-322-284-3198x47567
658633cef735528584218a65,62,Tyler Valencia,"9777 Newton Haven
West Christopher, CA 21275",930-780-7424x16185
658633cef735528584218a66,63,Kevin Smith,"886 Juan Underpass Suite 066
Zamoraport, OH 61672",450.447.6944x4192
658633cef735528584218a67,64,Michael Humphrey,"65262 Brandon Pike
Castrohaven, WA 24675",951-915-6504
658633cef735528584218a68,65,Juan Melendez,"41045 David Trafficway Apt. 955
Wrighttown, TX 54638",+1-355-994-9197x3456
658633cef735528584218a69,66,Mark Russell,"41723 Gilbert Squares
Port Matthew, GU 13117",+1-258-959-0262x16496
658633cef735528584218a6a,67,Vincent Thomas,"24078 Sanders Extension
Wolfeton, DC 72684",5913915349
658633cef735528584218a6b,68,Michael Carpenter,"9021 Melissa Orchard
Lindaburgh, AS 95170",6498294712
658633cef735528584218a6c,69,Angela Ashley,"Unit 3032 Box 3939
DPO AP 87117",698.635.3248
658633cff735528584218a6d,70,Johnathan Smith,"36830 Stephanie Station
South Michael, DE 71523",(778)861-6091
658633cff735528584218a6e,71,Lori Odom,"03854 Daniel Ports
Johnton, TX 52814",7197465444
658633cff735528584218a6f,72,Eric Durham,"13063 Greene Stream Apt. 919
Matthewview, GA 38776",(782)310-4326
658633cff735528584218a70,73,George Moyer,"1678 Rhonda Track Suite 270
West Ethan, RI 41034",585-301-5375
658633cff735528584218a71,74,Paul Smith,"317 Kimberly Walks
Lake Courtneyshire, AZ 98486",845-303-2222x10767
658633cff735528584218a72,75,Monica Chang,"853 Kimberly Place
South Brookestad, OR 93670",+1-573-608-5985x74618
658633cff735528584218a73,76,Shane Livingston,"01482 Tiffany Camp
North Johnburgh, CA 57860",(284)831-0951x06351
658633cff735528584218a74,77,Donald Burns,"93866 Valentine View
East Alejandrochester, KS 53749",942-434-0143x077
658633cff735528584218a75,78,Patrick Griffin,"570 Jason Curve Suite 995
Davisville, IA 41931",(470)792-6390
658633cff735528584218a76,79,Lisa Torres,"94704 Morales Spring
Port Heidibury, OH 44311",+1-524-828-3320x64174
658633cff735528584218a77,80,Shelby Hicks,"107 Thompson Ramp Apt. 618
Kendraburgh, WA 66082",+1-533-373-1787x63880
658633cff735528584218a78,81,Daniel Brown,"74934 Wright Pine
Jerryborough, SC 70471",+1-657-842-0575
658633cff735528584218a79,82,David Montgomery,"10588 Gina Crest Apt. 676
East Jennifer, FL 75543",801-587-2859x382
658633cff735528584218a7a,83,Katrina Oconnell,"8592 Allison Parkway
West Melissa, WV 20559",001-728-819-8777
658633cff735528584218a7b,84,Tonya Sanchez,"6355 Myers Track
Garciahaven, NM 27169",7295093516
658633cff735528584218a7c,85,Ashley Berg,"854 Madison Mills Apt. 069
North Jamesfurt, WY 74691",227.940.6600
658633cff735528584218a7d,86,Margaret Strong,"87641 Jake Street Suite 385
Brendaside, NV 15512",+1-941-523-3208
658633cff735528584218a7e,87,Jessica Cooley,"9285 Vazquez Turnpike Suite 710
West Dennisfort, NM 51913",238.750.5803
658633cff735528584218a7f,88,Derrick Haynes PhD,"65390 Shannon Avenue
Aguilarport, ND 92468",8206772863
658633cff735528584218a80,89,Nancy Smith,"6425 Mccarty Causeway
East Johnstad, MP 78874",439.735.8918
658633cff735528584218a81,90,Danielle Cervantes,"7220 Waters Fords Suite 913
Danielburgh, ME 54257",343-581-2708
658633cff735528584218a82,91,Rachel Herman,"49664 Espinoza Lodge Apt. 896
Liuhaven, ID 99531",+1-603-599-4248x078
658633cff735528584218a83,92,Erin Yang,"874 Thomas Lakes Suite 075
Carolynshire, GA 79309",508.401.5374x8959
658633cff735528584218a84,93,Laura Anderson,"9719 Patricia Highway
Loveview, NY 42329",(998)837-2498x859
658633cff735528584218a85,94,Justin West,"651 Michelle Via Apt. 621
New Chadbury, RI 41617",819-815-2717
658633cff735528584218a86,95,Julie Freeman,"09540 Matthew Green Apt. 288
North Randyburgh, FM 44583",001-381-312-3604x51451
658633cff735528584218a87,96,Rebecca Colon,"416 Christian Roads Apt. 743
Andreafurt, KS 67121",+1-493-600-1994x035
658633cff735528584218a88,97,Mrs. Kara Roberts,"USCGC Farley
FPO AA 75927",(595)534-1057x8771
658633d0f735528584218a89,98,John Mcdonald,"325 Snow Landing
Frazierfurt, AR 17607",+1-879-888-5845x3056
658633d0f735528584218a8a,99,Julie Callahan,"473 Taylor Station
Jeremyview, MT 72271",718-212-0290x59972
65863443f5c7db2b1216bace,0,Elizabeth Keith,"690 Veronica Gateway
Lake Jonathan, CT 17216",+1-738-968-2345x260
65863444f5c7db2b1216bacf,1,Abigail Smith,"Unit 9511 Box 0620
DPO AP 63141",626.366.8645x39448
65863444f5c7db2b1216bad0,2,Douglas Woods,"424 Morris Ranch
Thomasville, MD 65929",697.367.2182
65863444f5c7db2b1216bad1,3,Scott Morales,"PSC 1207, Box 3575
APO AE 71706",+1-588-359-3470x627
65863444f5c7db2b1216bad2,4,Stanley Armstrong,"1035 Chavez Views Apt. 127
South Troyfort, ID 59956",001-837-862-7324x34265
65863444f5c7db2b1216bad3,5,Gerald Brooks,"Unit 8707 Box 6487
DPO AA 58501",001-414-428-9397x231
65863444f5c7db2b1216bad4,6,Denise Yates,"USCGC Douglas
FPO AA 09447",+1-692-894-1870x922
65863444f5c7db2b1216bad5,7,Jason Olson,"779 Andrew Light Apt. 876
New Juliaborough, WV 56211",(995)484-0506x5711
65863444f5c7db2b1216bad6,8,Rachel Wright,"217 Jordan Burgs
East Joehaven, SD 06016",534.334.4969x38068
65863444f5c7db2b1216bad7,9,Jason Peters,"6088 Melinda Rest
West Randyton, AL 30359",001-290-491-3640x268
65863444f5c7db2b1216bad8,10,Deborah Gross MD,"PSC 8900, Box 6492
APO AE 92054",3515033921
65863444f5c7db2b1216bad9,11,Meredith Avila,"253 King Courts Suite 508
New Kevinhaven, NC 36966",001-581-503-5735x11178
65863444f5c7db2b1216bada,12,Marilyn Martinez,"PSC 1330, Box 9481
APO AA 86647",906.817.8596
65863444f5c7db2b1216badb,13,Randy Hogan,"6496 Hansen Ways
New Crystalmouth, VA 01344",300.968.9853x572
65863444f5c7db2b1216badc,14,Michelle Burns,"7855 Dixon Summit Apt. 797
South Susan, UT 18471",001-394-440-1744x9144
65863444f5c7db2b1216badd,15,Jacob Fleming,"3136 David Creek Suite 892
South Darlene, AS 10871",219.358.6018x5189
65863444f5c7db2b1216bade,16,Jason Gonzalez,"96861 Sanchez Harbors Suite 449
Vanessaside, IN 19190",826-800-2640x7400
65863444f5c7db2b1216badf,17,Brandon Potter,"3343 Mary Dam
Port Richard, AR 22067",(489)702-8057x8598
65863444f5c7db2b1216bae0,18,Tiffany Hays,"2278 Collin Cape
Amberburgh, NV 69607",001-210-424-6381x30722
65863445f5c7db2b1216bae1,19,Dawn Garcia,"680 Chandler Mission
West Madeline, MN 53709",001-630-410-0935x5904
65863445f5c7db2b1216bae2,20,Janice Nelson,"7344 Angel Underpass Suite 398
Amberport, NC 17160",(646)905-8328
65863445f5c7db2b1216bae3,21,Deanna Scott,"59109 Wise Groves
Jeffview, WY 84080",211.602.1712
65863445f5c7db2b1216bae4,22,John Ortiz,"2675 Breanna Bypass
New Ericfurt, OH 51259",+1-218-688-8500x671
65863445f5c7db2b1216bae5,23,Vanessa Graves,"54403 Alexis Lock
West Joannaburgh, NM 47222",+1-896-581-3561
65863445f5c7db2b1216bae6,24,Matthew Bradley,"607 Wise Throughway Apt. 999
North Robin, PA 82355",566-551-9356x99258
65863445f5c7db2b1216bae7,25,David Roberts,"9168 Daniels Groves
Marquezfurt, LA 82865",976.913.0728x263
65863445f5c7db2b1216bae8,26,Jeremy Sanchez,"4762 David Vista Suite 106
South Ashley, SC 07183",215.899.6191x68009
65863445f5c7db2b1216bae9,27,Austin Dorsey,"05692 Lisa Locks Apt. 169
Lake Martha, AS 83700",515.536.2068
65863445f5c7db2b1216baea,28,Joel Moore,"64044 Washington Ranch Suite 923
Gainesside, NE 95833",772-299-1711
65863445f5c7db2b1216baeb,29,Melissa Kim,"671 James Land Apt. 680
Rachelfort, MT 14348",4326609249
65863445f5c7db2b1216baec,30,Donald Burgess,"2326 Kelsey Station
Joelfurt, AR 49395",9026254151
65863445f5c7db2b1216baed,31,Debbie Armstrong,"8546 Sheppard Road Suite 506
New Eric, HI 75988",9116343611
65863445f5c7db2b1216baee,32,Sherry Molina,"4417 Page Manors Suite 617
Richardsonmouth, FL 44879",001-892-471-6395x500
65863445f5c7db2b1216baef,33,Andrea Steele,"PSC 8769, Box 3047
APO AP 38156",528.852.3873x73892
65863445f5c7db2b1216baf0,34,Katie Hernandez,"2597 Nicole Cape Apt. 278
Lake Johnny, NM 19375",001-679-667-3041x11247
65863445f5c7db2b1216baf1,35,Robert Floyd,"06777 Timothy Summit Suite 377
New Jerrychester, DE 77291",(965)717-5934x83872
65863445f5c7db2b1216baf2,36,Donna Reid,"32624 Eric Manors
Lukeville, CT 23168",(224)488-1473x74275
65863445f5c7db2b1216baf3,37,Eddie Webb,"79363 Robert Way
Port Elizabeth, TX 35246",603-746-5054
65863445f5c7db2b1216baf4,38,Heidi Rodriguez,"7155 Daniel Ridges
Jennifertown, KS 07187",511-908-3814
65863445f5c7db2b1216baf5,39,David Williams,"6106 Welch Crest Suite 374
Juliemouth, SD 55833",830-731-9040x961
65863445f5c7db2b1216baf6,40,Cindy Baker,"7827 Andrews Pine Apt. 539
Lake Michealland, WV 91036",200-846-7604
65863445f5c7db2b1216baf7,41,Miguel Bean,"271 Jasmine Station Apt. 145
Dianetown, MI 61541",8975420890
65863445f5c7db2b1216baf8,42,Timothy Weiss,"31834 Christy Vista
East Linda, OH 57564",951.887.4675
65863445f5c7db2b1216baf9,43,Teresa Meza,"104 Johnny Shoal Apt. 774
Garnerside, MA 56403",(957)961-5801x829
65863445f5c7db2b1216bafa,44,Christopher Padilla,"1158 Gonzalez Lights Apt. 518
North Michelle, CT 89148",389.592.4014
65863445f5c7db2b1216bafb,45,Daniel Owens,"12192 Martinez Meadow Suite 991
Laurenborough, WV 90923",(689)292-3921
65863445f5c7db2b1216bafc,46,Amy Cruz,"72110 Moyer Haven
Mclaughlinton, VT 88180",640-619-5389
65863445f5c7db2b1216bafd,47,Robert Rogers,"5276 Chen Field
Brianmouth, NJ 83335",668.314.3571x68202
65863445f5c7db2b1216bafe,48,Ryan Johnson,"83527 Steven Common Apt. 243
Port Catherine, UT 09078",424-770-1817x912
65863446f5c7db2b1216baff,49,Brian Foster MD,"97072 Mendoza Field
Elizabethmouth, RI 11433",287-517-6168
65863446f5c7db2b1216bb00,50,Deborah Adams,"3362 Michelle Fields Suite 002
Amyhaven, SC 23829",001-497-641-4429x25411
65863446f5c7db2b1216bb01,51,Jon Foster,"73193 Rodriguez Springs Suite 197
Amandamouth, UT 98446",001-926-209-1071
65863446f5c7db2b1216bb02,52,Brian Lewis,"USNS Hanson
FPO AP 22684",+1-422-540-9314x9646
65863446f5c7db2b1216bb03,53,Joseph Nguyen,"70263 Patricia Terrace Suite 000
South Jamesbury, MN 40430",001-782-205-2161x1097
65863446f5c7db2b1216bb04,54,David Taylor,"49577 Mosley Rue Apt. 277
West Ryan, VI 21466",7995901578
65863446f5c7db2b1216bb05,55,Brent Campos,"228 Bishop Motorway
East Joshuatown, SD 07191",5466853923
65863446f5c7db2b1216bb06,56,Jason Ramirez,"PSC 0625, Box 3772
APO AP 27861",835.605.6109
65863446f5c7db2b1216bb07,57,Caleb Bryan,"106 Thomas Trail
Jessicachester, NY 87184",547-614-5363x9165
65863446f5c7db2b1216bb08,58,Jessica Dougherty,"53870 Melendez Common Apt. 881
Allenmouth, MT 06356",001-283-710-5316
65863446f5c7db2b1216bb09,59,Anthony Gonzales,"65854 Emily Mission Apt. 785
Manuelland, AR 59944",497.401.7382
65863446f5c7db2b1216bb0a,60,Shirley Barker,"0448 Pollard Knoll Apt. 901
Billside, ND 82893",905.366.8732
65863446f5c7db2b1216bb0b,61,Nicole Smith,"1021 Brittany Route Suite 515
Port Jenniferview, NE 30959",+1-782-478-4675
65863446f5c7db2b1216bb0c,62,Glenn Torres,"406 Dunlap Parks
New Douglasfort, GU 01466",001-459-219-6627x6505
65863446f5c7db2b1216bb0d,63,Laura Clay,"511 Coffey Fort
Harrellhaven, IA 38169",918-946-7327
65863446f5c7db2b1216bb0e,64,Michael Matthews,"5893 Natalie Hollow Suite 223
Gloverstad, ID 12559",001-545-411-3086x713
65863446f5c7db2b1216bb0f,65,Amber Young,"6127 Henderson Stream Suite 806
Jasonchester, SC 23296",571-282-8216x741
65863446f5c7db2b1216bb10,66,Angela Smith,"708 Tammy Union Suite 302
West Courtneyberg, HI 65891",736.605.3675x764
65863446f5c7db2b1216bb11,67,Daniel Bonilla,"911 Valdez Place
West Amy, TX 42348",001-321-888-5253x07775
65863446f5c7db2b1216bb12,68,Duane Sutton,"71244 Tyler Skyway Apt. 137
Johnberg, GA 02986",001-467-319-2517x18727
65863446f5c7db2b1216bb13,69,Amanda Martin,"PSC 0176, Box 2027
APO AE 23472",805-918-5829x0668
65863446f5c7db2b1216bb14,70,Caitlin Atkins,"9002 Paula Glens Suite 910
East Mariochester, VI 11018",001-967-973-7302x6697
65863446f5c7db2b1216bb15,71,Daniel Walker,"50827 Melissa Walk Apt. 165
Pattontown, MA 96635",983.590.7092x0223
65863446f5c7db2b1216bb16,72,Kyle Fisher,"9937 James Brooks Apt. 632
East Brian, PW 88011",(973)667-9473x72637
65863446f5c7db2b1216bb17,73,Megan Dickson,"76936 Sabrina Burgs Apt. 509
Debrachester, UT 84640",(599)291-3469x1723
65863446f5c7db2b1216bb18,74,Debbie Serrano,"935 Kim Track Apt. 672
East Erika, LA 62122",(760)307-9752x03320
65863446f5c7db2b1216bb19,75,Sabrina Klein,"641 Amber Pass
Sharonville, TX 82148",346.971.6949x453
65863446f5c7db2b1216bb1a,76,Tommy Flores,"9882 Farmer Centers
Lake Hollyville, WV 23402",999-537-4635
65863446f5c7db2b1216bb1b,77,Jack Rowland,"5624 Daugherty Highway
North Daniel, CA 68777",222.414.6017x15001
65863447f5c7db2b1216bb1c,78,Shawn Avila,"597 Johnson Brooks Apt. 565
Alexanderfurt, TN 14209",+1-499-305-3639x99817
65863447f5c7db2b1216bb1d,79,Jill Page,"Unit 5362 Box 9073
DPO AE 92722",472-702-5910x1254
65863447f5c7db2b1216bb1e,80,Jack Castro,"15339 Mcdaniel Mount
Rebeccaland, MT 36306",(549)637-3882
65863447f5c7db2b1216bb1f,81,John Harris,"391 Mark Key Suite 381
Huntermouth, MO 29712",(489)674-6987
65863447f5c7db2b1216bb20,82,Rodney Wright,"4056 Jeremy Walk Suite 655
Nathanhaven, NH 56899",(974)551-4351
65863447f5c7db2b1216bb21,83,Isaac Howard,"46681 John Highway
Brookeborough, MN 01711",2787711268
65863447f5c7db2b1216bb22,84,Hannah Smith,"7586 Kayla Mall
Hornfurt, OH 77803",381.599.3432x479
65863447f5c7db2b1216bb23,85,Emily Baker PhD,"31450 Watts Freeway
Flemingside, OH 14330",001-347-640-8046
65863447f5c7db2b1216bb24,86,Nichole Hart,"234 Terri Lakes
Leeborough, NY 33924",241.274.9658
65863447f5c7db2b1216bb25,87,Joseph Chang,"97568 Melissa Streets Apt. 649
Porterville, NJ 62950",(968)522-2548x9867
65863447f5c7db2b1216bb26,88,Melissa Kelley,"922 Malone Track
Kennethland, CT 73164",768-461-0479
65863447f5c7db2b1216bb27,89,David Smith,"5265 Angelica Shores
New Lisa, OK 35528",001-493-204-1566
65863447f5c7db2b1216bb28,90,Anthony Swanson,"5320 Sanchez Summit Suite 192
North Paul, MD 56084",3222590208
65863447f5c7db2b1216bb29,91,Matthew Pineda,"85552 Lisa Motorway
East Jennifer, CA 81766",+1-794-662-8786x1676
65863447f5c7db2b1216bb2a,92,Nicholas Davis PhD,"PSC 8139, Box 4331
APO AP 97195",+1-321-238-8376x42893
65863447f5c7db2b1216bb2b,93,Russell Scott,"134 Alexandria Underpass
West Karen, MH 21981",844-941-2751x9884
65863447f5c7db2b1216bb2c,94,Anthony Johnson,"224 Kenneth Branch
Edwardsland, GA 65368",(238)772-7995x05221
65863447f5c7db2b1216bb2d,95,Andrew Nunez,"445 Jonathan Isle Apt. 489
Tracyshire, HI 73056",001-231-294-0668x5470
65863447f5c7db2b1216bb2e,96,Jason Lee,"030 Garcia Viaduct Suite 857
Andresmouth, UT 05913",(873)556-1342x20600
65863447f5c7db2b1216bb2f,97,Dennis Petty,"262 Jennifer Neck
Robertsonland, VA 56308",309.980.6137x243
65863447f5c7db2b1216bb30,98,Russell Smith,"494 Heather Vista
Lake Andrew, AR 59493",538-933-8342x520
65863447f5c7db2b1216bb31,99,Marc Johnson,"10219 Kathryn Gateway
Andersonbury, RI 02842",(798)792-0958x76817
65863471f5c7db2b1216bb33,,Mike,Lagerova 2,72292421314
6586350d5bf61548a51c2b61,0,Danielle Taylor,"287 Barbara Coves
Samanthafurt, RI 19064",001-937-558-7096x533
658635145bf61548a51c2b62,1,Christopher Cook,"934 Peters Crest
Lake Tonyamouth, LA 47608",+1-688-623-0990x44609
658635145bf61548a51c2b63,2,Cindy Wright,"79833 Stacey Landing
North Adam, GU 43493",001-880-942-5295x510
658635145bf61548a51c2b64,3,Kelli Graham,"2512 William Spring
Sandersfort, TN 93502",(896)615-6983x4021
658635145bf61548a51c2b65,4,Juan Summers,"708 Meyer Tunnel Suite 093
North Briannaborough, GU 75058",9628251359
658635145bf61548a51c2b66,5,Kevin Gibson,"1924 Joseph Bypass
Robertsonland, NM 67888",542.422.5964
658635145bf61548a51c2b67,6,Eric Daniels,"6779 John Trail Apt. 179
West Brandon, HI 06836",+1-742-688-1680x87957
658635145bf61548a51c2b68,7,William Vega,"87335 James Point
West Jesuston, MD 57659",404-790-9894
658635145bf61548a51c2b69,8,Angela Roman,"0354 Melendez Route Suite 597
Rodriguezview, FL 96297",+1-768-591-4459
658635145bf61548a51c2b6a,9,Jamie Thomas,"04863 Anna Plain
Shaneland, DC 59766",536.456.6572x8405
658635145bf61548a51c2b6b,10,Henry Burton,"0381 Maldonado Coves
Danatown, WA 67871",+1-965-504-7595x538
658635145bf61548a51c2b6c,11,Douglas Harris,"418 Debbie Village
Whitefort, HI 67288",(822)346-0740
658635145bf61548a51c2b6d,12,Tony Pearson,"337 Anthony Point
Moodyfurt, OK 94437",9166211947
658635155bf61548a51c2b6e,13,Tammy Munoz,"849 Mark Flat Apt. 108
Sullivanburgh, KY 93050",+1-717-854-1332x377
658635155bf61548a51c2b6f,14,Derek Jackson,"32791 Singh Orchard Suite 468
Heathershire, OK 58900",(714)561-7206x98904
658635155bf61548a51c2b70,15,Jesus Burke,"142 Lindsay Island Suite 549
Gilbertport, ME 76870",+1-221-558-0737x88028
658635155bf61548a51c2b71,16,Anna Ramos,"075 James Summit Suite 559
Newmanburgh, OR 86487",391.694.8920
658635155bf61548a51c2b72,17,Mrs. Kelsey Little,"5143 Sanders Walks Suite 330
Lake Richardmouth, OR 66348",(601)376-9294x1560
658635155bf61548a51c2b73,18,Lauren Campbell,"84303 Larry Track
Garciamouth, UT 96920",438-622-2005x00725
658635155bf61548a51c2b74,19,Michelle Giles,"0154 Michael Alley Apt. 697
North Ellen, DE 94260",247.578.1611x445
658635155bf61548a51c2b75,20,Amanda Vaughan,"355 Young Stravenue
Phamberg, MP 02894",7978385898
658635155bf61548a51c2b76,21,Stephanie Tucker,"35599 Rhonda Overpass Apt. 916
New Brandonfort, MA 93583",830.244.5595x48361
658635155bf61548a51c2b77,22,Brittany Hogan,"429 Lisa Viaduct
West Roberthaven, ND 64936",+1-201-693-8307x003
658635155bf61548a51c2b78,23,Joshua Mendoza,"9493 Alexandria Corners Suite 141
Fisherland, DE 27814",(924)925-0237x18176
658635155bf61548a51c2b79,24,Amy Robinson,"09526 Cobb Run Apt. 029
Mcbrideside, NH 47732",254-423-0876
658635155bf61548a51c2b7a,25,Robert Little,"991 Collins Islands
Feliciaside, WI 49643",001-625-302-0688x6950
658635155bf61548a51c2b7b,26,Stacy Erickson,"133 Erin Underpass Apt. 935
Brownborough, ME 44892",9808483045
658635155bf61548a51c2b7c,27,Tammy Christian,"249 Jade Forges Suite 242
Paigeport, CT 35502",001-462-427-9182x358
658635155bf61548a51c2b7d,28,Joshua Dunn,"0346 Terry Locks
Laurabury, IN 07885",+1-684-583-8893x4626
658635155bf61548a51c2b7e,29,Seth Valdez,"5473 Caroline Ridges
Port Thomasshire, VI 54648",+1-778-337-2683x108
658635155bf61548a51c2b7f,30,Wendy Howell,"1585 Bowman Canyon Apt. 707
Lancefurt, PA 91611",+1-617-440-8576
658635155bf61548a51c2b80,31,Cassandra Smith,"2057 Brian Stravenue Apt. 497
West Stephanie, MT 04953",+1-688-980-9506x1458
658635155bf61548a51c2b81,32,Donald Munoz,"427 Bryce Cliffs Suite 720
South Lori, ME 66098",+1-560-215-2125x14919
658635155bf61548a51c2b82,33,Jill Taylor,"0131 Lisa Lakes
Ramirezbury, AR 44785",+1-910-845-1987
658635155bf61548a51c2b83,34,Crystal Anderson,"227 Paul Lights Suite 657
Hallchester, AL 05221",001-410-326-7981x7495
658635155bf61548a51c2b84,35,David Cummings,"1275 Brian Land Suite 767
Kimville, PW 48194",753.719.7167
658635155bf61548a51c2b85,36,Alyssa Smith,"3055 Sharp Isle
North Amyshire, FL 19124",001-605-506-9812x3051
658635155bf61548a51c2b86,37,Stephen Norris,"3300 Chavez Brooks Apt. 624
Johnland, NC 14147",(841)335-0630x1490
658635155bf61548a51c2b87,38,Briana Hill,"30733 Douglas Park
North Adrian, KS 06376",481.210.7758x64270
658635155bf61548a51c2b88,39,Christopher Arnold,"PSC 6887, Box 0354
APO AP 73225",531-494-0840
658635155bf61548a51c2b89,40,Andrew Edwards,"9824 Yvonne Stream Suite 315
Grahamshire, MI 06300",577-484-8195
658635165bf61548a51c2b8a,41,Nathan Mckay,"83776 Courtney Lakes
South Alison, WY 48883",(750)295-0426
658635165bf61548a51c2b8b,42,Ann Wright,"624 Lisa Ford
Gonzalezburgh, LA 63235",9558003678
658635165bf61548a51c2b8c,43,Kenneth Horne,"1880 Kelly Pine
Port Anthonyville, CA 61086",456-630-4019
658635165bf61548a51c2b8d,44,David Cook,"32239 Sean Extensions Apt. 963
New Johnborough, MT 69346",772-708-8008x7055
658635165bf61548a51c2b8e,45,April Gutierrez,"041 Robert Gardens
Whiteshire, NV 58491",289-781-3851
658635165bf61548a51c2b8f,46,Sherry Schmitt,"6865 King Skyway
Port Carlmouth, PW 35864",365-869-3191x52130
658635165bf61548a51c2b90,47,James Williamson,"6356 Hubbard Ranch
North Adam, PA 86308",001-215-833-6435
658635165bf61548a51c2b91,48,Melissa Tucker,"Unit 6736 Box 3509
DPO AP 16965",(860)586-8721
658635165bf61548a51c2b92,49,Mrs. Gabriella Phillips,"70904 Jeremy Walk
Owensstad, AR 44031",318.221.0269
658635165bf61548a51c2b93,50,William Kim,"7436 Gonzales Drives Suite 190
Port Laurachester, WI 27523",+1-453-376-1793x45701
658635165bf61548a51c2b94,51,Jason Howard,"985 Snyder Port
Port Jorge, MD 48371",001-235-434-1503x0519
658635165bf61548a51c2b95,52,Timothy Escobar,"218 Johns Lodge
Amymouth, UT 29605",001-224-236-7968
658635165bf61548a51c2b96,53,Francis Malone,"875 Wilcox Park
Charlesmouth, UT 33007",+1-660-405-4978x5369
658635165bf61548a51c2b97,54,Stephanie Taylor,"8942 Washington Drive
Bruceland, ID 70773",(405)897-7393
658635165bf61548a51c2b98,55,Francisco Ford,"7537 Osborn Stravenue Apt. 012
East Jadestad, VT 77116",(656)923-4006x8317
658635165bf61548a51c2b99,56,Cassandra Wright,"436 Cole Fall
Port Michealville, FM 52906",211.704.9717x6081
658635165bf61548a51c2b9a,57,Robert Manning,"520 Katherine Roads Apt. 751
Lake Raymondfurt, AL 98247",567.386.5078
658635165bf61548a51c2b9b,58,Barbara Reynolds,"95827 Susan Extensions
Patelshire, MS 09508",001-292-483-6675x9248
658635165bf61548a51c2b9c,59,Kristin Booker,"030 Carlos Stravenue
South Joshuaborough, FL 41655",873.284.1551
658635165bf61548a51c2b9d,60,James Hopkins,"248 Baker Ville Apt. 423
Cooperville, AZ 88237",+1-576-808-3932x05255
658635165bf61548a51c2b9e,61,Matthew Schwartz,"7058 Robertson Parkway Apt. 908
Katelynfort, MA 50052",001-789-286-8783x4861
658635165bf61548a51c2b9f,62,Michelle Wiggins,"9140 Sean Via
Josephmouth, AR 12183",(686)534-4177x887
658635165bf61548a51c2ba0,63,Amber Williams,"695 Perez Loop Suite 060
Meyermouth, NY 07864",467-514-1112x4413
658635165bf61548a51c2ba1,64,John Dawson,"8964 Robinson Summit
Paulmouth, NM 31798",278.352.5114
658635175bf61548a51c2ba2,65,Christopher Williams,"512 Anthony Road
North Kimberlyfort, PA 07637",001-272-267-4497
658635175bf61548a51c2ba3,66,Hannah Taylor,"367 Simmons Ridges
North Williamburgh, ID 63083",(423)337-4684
658635175bf61548a51c2ba4,67,Cathy Morales,"391 Patrick Junctions
South Jocelyn, AS 12281",(777)685-5652x7785
658635175bf61548a51c2ba5,68,Lawrence Hernandez,"626 Richardson Cliff
New Kristentown, KY 91804",9892638363
658635175bf61548a51c2ba6,69,Cheryl Vazquez,"753 Garrison Course Suite 952
West Crystalberg, CT 57110",+1-807-460-1998
658635175bf61548a51c2ba7,70,Eric Holmes,"7745 Lauren Stream Apt. 604
Josephtown, MT 09890",266.451.5974
658635175bf61548a51c2ba8,71,Ashley Rodriguez,"0622 Tina Stravenue
South Krystal, CT 64364",001-961-508-1881
658635175bf61548a51c2ba9,72,Joseph Sims,"20386 White Mill
Amberbury, GU 29271",296.399.3087x53761
658635175bf61548a51c2baa,73,David Joseph,"75168 Christine Haven Suite 343
West Danielbury, PR 07837",(920)293-1075
658635175bf61548a51c2bab,74,Nicholas Olson,"806 Gomez Plaza
Boltonmouth, FM 10102",(796)633-0267x75985
658635175bf61548a51c2bac,75,Andrea Bowen,"7302 Collins Ridges Suite 837
Cooktown, PW 76847",568.640.8588x359
658635175bf61548a51c2bad,76,Robert Gutierrez,"045 Wendy Way
Tracyfort, AK 88117",(888)364-4421
658635175bf61548a51c2bae,77,Kari Pittman,"5171 Reyes Road Apt. 300
Port Robertville, CT 10459",937-382-8130x26658
658635175bf61548a51c2baf,78,Jacob Daniels,"2088 Kayla Village Apt. 614
Robertside, FL 63600",(342)686-8436x43157
658635175bf61548a51c2bb0,79,Brandy Marquez,"907 Kirk Corner
Johnsonton, VT 83374",001-394-606-7659x463
658635175bf61548a51c2bb1,80,Sherry Moyer,"PSC 0854, Box 5433
APO AE 88125",(684)679-8735
658635175bf61548a51c2bb2,81,Scott Thomas,"8596 Mary Course
Roachstad, MI 33805",001-290-913-5527x540
658635175bf61548a51c2bb3,82,David Valdez,"65382 Garcia Mews
North Caitlinborough, VI 41723",+1-274-926-1675
658635175bf61548a51c2bb4,83,Casey Black,"0406 David Valleys Apt. 754
East Jodyville, MA 51539",711-380-6869x49259
658635175bf61548a51c2bb5,84,James Ortega,"9765 Sanchez Inlet
Rileyhaven, NH 20354",001-387-499-2060x5872
658635175bf61548a51c2bb6,85,Catherine Palmer,"911 Shane Port
Paulview, WV 68520",978.410.8544x422
658635175bf61548a51c2bb7,86,Stacie French,"106 Parker Station
North Devinchester, MO 23407",001-940-635-4200x6632
658635175bf61548a51c2bb8,87,Jennifer Dalton,"4027 Meyer Mountain Suite 056
Victoriaberg, WY 57201",+1-564-263-5855
658635175bf61548a51c2bb9,88,Kimberly Davis MD,"818 Jennifer Club
Melendezside, DE 63465",001-833-219-2713x1117
658635175bf61548a51c2bba,89,Deborah Austin,"9246 Michelle Ramp Apt. 574
Williamsborough, PR 14097",860.418.1132
658635175bf61548a51c2bbb,90,Jason Mcknight,"7596 Villegas Corners
Dustinstad, FL 99674",(675)546-2147x70994
658635185bf61548a51c2bbc,91,Amanda Smith,"70981 Hunter Stravenue Apt. 617
Port Andrea, MO 29963",9829852949
658635185bf61548a51c2bbd,92,Caitlin Swanson,"82395 Christian Radial
North Richard, VA 97447",7177745315
658635185bf61548a51c2bbe,93,Kristen Schneider DDS,"67767 Simmons Skyway Apt. 632
Dylanchester, FM 65680",429-439-7338
658635185bf61548a51c2bbf,94,Rachel Barker,"4269 Gomez Branch Suite 686
Amandamouth, PW 48088",001-559-248-4187x056
658635185bf61548a51c2bc0,95,Joshua Lawrence,"785 Kelly Ford Apt. 228
West Katherine, RI 90931",764.825.9019x8229
658635185bf61548a51c2bc1,96,Andrew Reese,"060 Marvin Junctions Suite 508
Butlerton, NC 48814",349.916.8094x7301
658635185bf61548a51c2bc2,97,Paul Cox,"170 Graves Fork Apt. 709
Johnville, OK 36819",689.580.0322x702
658635185bf61548a51c2bc3,98,John Carter,"212 Jason Mountain Suite 772
Charlesside, LA 22559",001-398-406-0295x284
658635185bf61548a51c2bc4,99,Jeffrey Harper,"3166 Burton Court
North Alexanderside, IL 59724",001-864-998-0940x860
6586352c5bf61548a51c2bc5,100,Igor,Legerova 1,33213 331
